CustomerID,CustomerName,City,SignupDate,AgeGroup,Gender
1,Vihaan Gupta,Kolkata,2023-04-21,18-24,Female
2,Pari Joshi,Kolkata,2024-04-14,45-54,Male
3,Pari Chopra,Ahmedabad,2023-02-03,25-34,Female
4,Karan Kapoor,Mumbai,2024-01-04,25-34,Male
5,Simran Kapoor,Pune,2024-02-29,25-34,Male
6,Rohan Reddy,Chennai,2024-06-01,25-34,Female
7,Aditya Chopra,Jaipur,2023-10-09,18-24,Male
8,Krishna Nair,Delhi,2023-11-16,25-34,Female
9,Meera Malhotra,Mumbai,2024-03-18,55+,Male
10,Pari Kapoor,Lucknow,2023-11-11,25-34,Female
11,Rohan Rao,Delhi,2024-01-12,35-44,Female
12,Aditya Chopra,Kolkata,2023-10-16,25-34,Female
13,Aarav Iyer,Bangalore,2024-03-12,35-44,Female
14,Simran Nair,Lucknow,2023-10-04,18-24,Female
15,Zara Sharma,Delhi,2024-05-17,55+,Male
16,Aditya Joshi,Kolkata,2024-05-30,25-34,Male
17,Anika Singh,Delhi,2023-12-16,18-24,Male
18,Ishaan Rao,Bangalore,2024-03-21,18-24,Female
19,Kabir Mehta,Kolkata,2023-12-16,18-24,Male
20,Aditya Patel,Pune,2023-05-17,25-34,Female
21,Aadhya Patel,Mumbai,2023-08-31,25-34,Male
22,Anika Joshi,Hyderabad,2024-06-26,45-54,Male
23,Kiara Reddy,Jaipur,2023-02-09,25-34,Female
24,Zara Verma,Ahmedabad,2023-08-17,18-24,Male
25,Rahul Mehta,Jaipur,2023-08-11,35-44,Male
26,Vivaan Mehta,Lucknow,2023-01-06,35-44,Male
27,Pari Patel,Jaipur,2023-11-18,18-24,Female
28,Aarav Singh,Kolkata,2024-04-12,18-24,Female
29,Ananya Reddy,Pune,2023-03-16,18-24,Male
30,Myra Khan,Hyderabad,2023-01-04,35-44,Male
31,Simran Mehta,Mumbai,2023-04-28,35-44,Male
32,Zara Mehta,Mumbai,2024-05-18,25-34,Female
33,Aditya Verma,Bangalore,2024-03-16,45-54,Female
34,Neha Patel,Ahmedabad,2023-07-13,45-54,Male
35,Saanvi Chopra,Delhi,2024-01-27,25-34,Male
36,Priya Khan,Pune,2023-01-26,45-54,Male
37,Neha Iyer,Delhi,2024-03-10,18-24,Female
38,Saanvi Iyer,Hyderabad,2023-06-22,18-24,Female
39,Aarav Patel,Jaipur,2023-10-27,25-34,Male
40,Aadhya Joshi,Mumbai,2023-11-22,18-24,Male
41,Aadhya Chopra,Hyderabad,2024-02-14,25-34,Male
42,Navya Khan,Jaipur,2023-04-28,55+,Female
43,Kiara Chopra,Mumbai,2023-08-13,18-24,Male
44,Vivaan Verma,Jaipur,2024-06-15,18-24,Female
45,Zara Rao,Ahmedabad,2023-04-23,25-34,Female
46,Kabir Gupta,Pune,2023-05-20,55+,Male
47,Neha Mehta,Lucknow,2023-01-01,25-34,Male
48,Tara Malhotra,Hyderabad,2023-03-31,25-34,Male
49,Kabir Mehta,Hyderabad,2023-11-16,18-24,Female
50,Priya Reddy,Chennai,2023-05-19,18-24,Female
51,Pari Iyer,Kolkata,2024-05-25,55+,Female
52,Ishaan Reddy,Ahmedabad,2023-09-16,55+,Male
53,Kiara Reddy,Ahmedabad,2023-01-10,18-24,Male
54,Ananya Chopra,Delhi,2023-09-18,55+,Female
55,Arjun Sharma,Jaipur,2023-06-21,35-44,Female
56,Ayaan Nair,Kolkata,2023-01-13,45-54,Male
57,Karan Chopra,Pune,2023-06-17,25-34,Female
58,Diya Nair,Pune,2023-11-17,25-34,Female
59,Reyansh Iyer,Ahmedabad,2023-11-15,25-34,Female
60,Sai Malhotra,Pune,2023-11-25,35-44,Female
61,Riya Kapoor,Chennai,2024-02-23,18-24,Female
62,Kiara Gupta,Hyderabad,2023-04-05,18-24,Female
63,Zara Patel,Bangalore,2023-11-14,25-34,Male
64,Riya Joshi,Lucknow,2023-08-24,35-44,Male
65,Saanvi Verma,Delhi,2023-11-30,18-24,Female
66,Karan Mehta,Jaipur,2024-01-11,35-44,Male
67,Tara Gupta,Lucknow,2024-04-03,55+,Male
68,Pari Patel,Jaipur,2023-05-17,18-24,Male
69,Navya Chopra,Mumbai,2024-05-27,35-44,Male
70,Priya Khan,Lucknow,2023-10-23,25-34,Female
71,Priya Nair,Bangalore,2023-11-16,45-54,Female
72,Priya Nair,Ahmedabad,2023-12-15,18-24,Male
73,Tara Khan,Chennai,2023-08-17,35-44,Male
74,Krishna Chopra,Hyderabad,2023-09-27,45-54,Male
75,Rohan Sharma,Hyderabad,2023-10-18,55+,Female
76,Priya Mehta,Chennai,2023-06-14,35-44,Female
77,Aarav Rao,Kolkata,2023-01-05,25-34,Male
78,Vivaan Joshi,Mumbai,2024-01-14,35-44,Female
79,Tara Reddy,Jaipur,2023-03-19,45-54,Female
80,Myra Singh,Bangalore,2024-02-14,25-34,Female
81,Ayaan Malhotra,Pune,2023-05-12,18-24,Female
82,Rohan Sharma,Lucknow,2023-02-11,55+,Male
83,Myra Malhotra,Mumbai,2023-03-30,35-44,Female
84,Reyansh Joshi,Lucknow,2024-02-06,35-44,Male
85,Arjun Reddy,Bangalore,2023-10-23,18-24,Female
86,Simran Khan,Delhi,2023-10-22,35-44,Female
87,Aditya Chopra,Delhi,2024-06-09,25-34,Female
88,Priya Joshi,Mumbai,2024-02-26,35-44,Female
89,Navya Nair,Ahmedabad,2023-01-23,18-24,Male
90,Kabir Singh,Bangalore,2023-05-23,35-44,Male
91,Simran Kapoor,Bangalore,2023-05-25,55+,Female
92,Karan Nair,Chennai,2023-08-13,18-24,Female
93,Kiara Sharma,Ahmedabad,2024-05-17,55+,Male
94,Tara Kapoor,Jaipur,2023-04-14,25-34,Male
95,Tara Iyer,Jaipur,2023-02-08,45-54,Male
96,Arjun Chopra,Pune,2023-07-17,35-44,Female
97,Myra Mehta,Hyderabad,2024-01-26,25-34,Female
98,Priya Joshi,Delhi,2023-06-28,35-44,Male
99,Rohan Khan,Jaipur,2024-03-23,45-54,Male
100,Vihaan Sharma,Ahmedabad,2024-05-14,25-34,Female
101,Tara Kapoor,Bangalore,2023-01-15,25-34,Female
102,Arjun Khan,Jaipur,2023-10-16,35-44,Male
103,Priya Mehta,Bangalore,2024-04-22,45-54,Female
104,Kabir Nair,Jaipur,2023-08-19,35-44,Male
105,Vihaan Verma,Delhi,2024-02-24,35-44,Male
106,Riya Rao,Lucknow,2023-06-06,25-34,Female
107,Ishaan Mehta,Jaipur,2024-03-16,45-54,Female
108,Navya Mehta,Ahmedabad,2023-04-07,18-24,Female
109,Aarav Patel,Jaipur,2024-02-15,25-34,Female
110,Arjun Malhotra,Hyderabad,2023-10-16,18-24,Female
111,Vihaan Joshi,Delhi,2023-09-11,25-34,Male
112,Meera Joshi,Ahmedabad,2023-07-15,25-34,Male
113,Zara Verma,Chennai,2024-06-05,25-34,Male
114,Pari Chopra,Ahmedabad,2024-05-31,35-44,Male
115,Rahul Iyer,Hyderabad,2023-04-28,25-34,Female
116,Meera Chopra,Lucknow,2023-06-08,25-34,Female
117,Anika Gupta,Delhi,2023-08-16,18-24,Male
118,Karan Sharma,Chennai,2023-08-04,25-34,Male
119,Aarav Malhotra,Hyderabad,2023-01-15,18-24,Female
120,Navya Das,Hyderabad,2023-06-06,18-24,Male
121,Arjun Chopra,Mumbai,2023-09-18,35-44,Female
122,Aditya Sharma,Delhi,2023-06-06,35-44,Female
123,Aarav Patel,Ahmedabad,2023-02-16,35-44,Female
124,Ishaan Das,Bangalore,2023-11-20,25-34,Male
125,Diya Malhotra,Lucknow,2023-05-10,25-34,Male
126,Saanvi Chopra,Bangalore,2024-02-15,45-54,Female
127,Aadhya Verma,Ahmedabad,2023-04-05,25-34,Female
128,Simran Gupta,Ahmedabad,2023-10-19,25-34,Male
129,Anika Gupta,Delhi,2023-10-10,18-24,Female
130,Zara Sharma,Ahmedabad,2023-03-10,25-34,Male
131,Priya Patel,Mumbai,2023-01-11,25-34,Female
132,Simran Mehta,Chennai,2023-09-11,25-34,Male
133,Ishaan Mehta,Ahmedabad,2023-05-14,25-34,Female
134,Tara Verma,Bangalore,2023-01-23,25-34,Male
135,Navya Singh,Ahmedabad,2023-12-12,35-44,Male
136,Reyansh Iyer,Mumbai,2023-10-29,35-44,Male
137,Priya Nair,Jaipur,2023-12-29,45-54,Male
138,Anika Malhotra,Jaipur,2024-01-31,35-44,Female
139,Ananya Malhotra,Hyderabad,2023-08-06,55+,Female
140,Meera Iyer,Lucknow,2023-05-21,18-24,Male
141,Neha Nair,Pune,2023-07-29,18-24,Male
142,Simran Singh,Chennai,2024-04-04,18-24,Female
143,Vihaan Mehta,Kolkata,2023-12-22,35-44,Female
144,Arjun Singh,Hyderabad,2023-11-20,45-54,Female
145,Meera Joshi,Lucknow,2023-05-13,18-24,Male
146,Aditya Sharma,Jaipur,2023-05-07,45-54,Male
147,Aditya Joshi,Bangalore,2023-04-16,18-24,Female
148,Vihaan Verma,Kolkata,2024-01-13,55+,Male
149,Pari Khan,Lucknow,2023-02-20,25-34,Female
150,Meera Khan,Lucknow,2023-01-29,18-24,Male
151,Tara Joshi,Hyderabad,2024-04-06,25-34,Female
152,Arjun Chopra,Kolkata,2023-10-23,25-34,Male
153,Pari Khan,Delhi,2023-10-24,25-34,Female
154,Saanvi Khan,Pune,2024-02-11,25-34,Male
155,Neha Gupta,Delhi,2024-02-09,45-54,Female
156,Krishna Kapoor,Kolkata,2023-12-12,25-34,Male
157,Pari Sharma,Delhi,2024-02-24,25-34,Female
158,Tara Iyer,Mumbai,2023-07-01,35-44,Female
159,Myra Singh,Jaipur,2023-01-01,35-44,Female
160,Kabir Malhotra,Mumbai,2024-01-06,25-34,Female
161,Rahul Gupta,Ahmedabad,2024-03-06,25-34,Female
162,Pari Iyer,Delhi,2023-11-05,18-24,Female
163,Diya Malhotra,Ahmedabad,2023-05-17,18-24,Male
164,Krishna Gupta,Bangalore,2023-07-21,35-44,Female
165,Diya Singh,Chennai,2024-03-11,18-24,Male
166,Reyansh Chopra,Bangalore,2023-11-09,25-34,Male
167,Aadhya Rao,Kolkata,2023-04-27,35-44,Male
168,Riya Gupta,Lucknow,2023-09-01,18-24,Male
169,Priya Rao,Jaipur,2024-06-20,25-34,Female
170,Myra Nair,Delhi,2023-03-16,25-34,Female
171,Arjun Gupta,Hyderabad,2024-01-21,55+,Female
172,Diya Singh,Chennai,2023-07-29,25-34,Male
173,Riya Das,Pune,2024-04-19,45-54,Male
174,Rohan Iyer,Pune,2024-02-22,25-34,Male
175,Rohan Khan,Pune,2023-12-13,18-24,Male
176,Myra Singh,Delhi,2024-06-12,35-44,Male
177,Reyansh Malhotra,Pune,2023-06-28,55+,Male
178,Rohan Mehta,Mumbai,2023-07-01,35-44,Male
179,Priya Khan,Chennai,2023-01-25,45-54,Female
180,Aadhya Rao,Mumbai,2023-06-29,45-54,Female
181,Priya Nair,Lucknow,2024-05-15,18-24,Female
182,Aditya Khan,Chennai,2023-06-10,18-24,Female
183,Simran Das,Mumbai,2023-06-26,35-44,Female
184,Ananya Verma,Chennai,2023-10-12,25-34,Male
185,Kiara Chopra,Lucknow,2023-03-04,45-54,Female
186,Krishna Mehta,Ahmedabad,2023-06-05,45-54,Female
187,Priya Chopra,Delhi,2024-04-13,25-34,Male
188,Pari Malhotra,Delhi,2023-02-18,18-24,Male
189,Sai Khan,Pune,2023-03-25,35-44,Female
190,Aadhya Malhotra,Bangalore,2023-12-27,25-34,Male
191,Ayaan Mehta,Pune,2023-05-28,45-54,Female
192,Krishna Verma,Kolkata,2023-12-08,25-34,Female
193,Rahul Mehta,Mumbai,2024-04-20,35-44,Male
194,Vivaan Nair,Chennai,2023-03-04,18-24,Male
195,Simran Nair,Bangalore,2023-12-26,35-44,Male
196,Sai Gupta,Lucknow,2023-11-23,25-34,Male
197,Ayaan Joshi,Kolkata,2023-05-21,25-34,Male
198,Saanvi Sharma,Lucknow,2023-08-03,18-24,Female
199,Kabir Iyer,Delhi,2024-03-10,35-44,Male
200,Pari Rao,Delhi,2023-11-14,45-54,Male
201,Reyansh Singh,Pune,2023-02-01,18-24,Male
202,Saanvi Iyer,Mumbai,2023-10-12,18-24,Female
203,Vihaan Reddy,Bangalore,2023-11-01,18-24,Male
204,Karan Rao,Jaipur,2024-03-04,35-44,Male
205,Navya Malhotra,Kolkata,2024-04-21,35-44,Female
206,Diya Reddy,Kolkata,2023-10-13,25-34,Female
207,Reyansh Das,Pune,2023-05-24,18-24,Male
208,Ishaan Mehta,Delhi,2024-02-28,25-34,Female
209,Navya Khan,Pune,2023-01-19,25-34,Male
210,Tara Gupta,Chennai,2023-01-18,25-34,Male
211,Saanvi Malhotra,Bangalore,2024-01-06,55+,Male
212,Anika Chopra,Mumbai,2023-06-24,18-24,Male
213,Tara Mehta,Ahmedabad,2023-07-13,35-44,Female
214,Riya Chopra,Hyderabad,2024-05-16,25-34,Male
215,Ayaan Malhotra,Hyderabad,2023-04-23,25-34,Male
216,Krishna Khan,Pune,2023-04-24,35-44,Female
217,Aarav Gupta,Chennai,2023-08-10,35-44,Female
218,Saanvi Chopra,Bangalore,2023-09-21,55+,Male
219,Tara Singh,Jaipur,2023-02-24,18-24,Female
220,Karan Sharma,Hyderabad,2024-04-02,18-24,Male
221,Neha Patel,Bangalore,2023-06-11,35-44,Female
222,Aarav Reddy,Mumbai,2024-01-15,25-34,Female
223,Rohan Reddy,Lucknow,2023-03-28,25-34,Female
224,Priya Chopra,Chennai,2023-02-24,18-24,Male
225,Saanvi Joshi,Delhi,2024-04-20,18-24,Male
226,Saanvi Malhotra,Bangalore,2023-06-27,45-54,Male
227,Kiara Nair,Mumbai,2024-01-26,18-24,Male
228,Myra Reddy,Jaipur,2023-12-15,25-34,Male
229,Rohan Das,Ahmedabad,2023-01-08,18-24,Female
230,Karan Nair,Delhi,2023-11-09,25-34,Male
231,Vihaan Gupta,Ahmedabad,2024-03-18,18-24,Male
232,Navya Iyer,Jaipur,2023-11-24,25-34,Female
233,Neha Verma,Mumbai,2023-02-23,18-24,Male
234,Kiara Singh,Hyderabad,2023-08-27,45-54,Female
235,Pari Kapoor,Ahmedabad,2023-08-17,18-24,Male
236,Kiara Rao,Delhi,2023-02-20,25-34,Male
237,Aarav Nair,Pune,2023-09-21,45-54,Male
238,Kabir Reddy,Kolkata,2024-02-22,35-44,Male
239,Aditya Joshi,Bangalore,2023-04-06,25-34,Female
240,Zara Singh,Hyderabad,2023-03-29,25-34,Male
241,Ananya Chopra,Ahmedabad,2023-03-19,25-34,Male
242,Ishaan Joshi,Lucknow,2023-10-15,35-44,Male
243,Myra Patel,Bangalore,2023-04-30,55+,Male
244,Sai Chopra,Pune,2024-05-05,35-44,Female
245,Meera Chopra,Jaipur,2024-03-27,25-34,Male
246,Rohan Patel,Kolkata,2024-05-14,35-44,Female
247,Priya Chopra,Mumbai,2023-06-14,25-34,Female
248,Vihaan Mehta,Pune,2023-07-01,18-24,Female
249,Ayaan Mehta,Pune,2024-04-13,25-34,Female
250,Karan Verma,Jaipur,2023-01-07,55+,Male
251,Karan Chopra,Chennai,2023-11-26,18-24,Male
252,Arjun Singh,Jaipur,2023-05-31,35-44,Male
253,Vihaan Joshi,Chennai,2023-03-26,18-24,Female
254,Rahul Reddy,Chennai,2023-05-27,25-34,Female
255,Pari Singh,Hyderabad,2024-01-16,18-24,Male
256,Aarav Nair,Hyderabad,2023-10-12,25-34,Female
257,Riya Malhotra,Delhi,2023-03-23,35-44,Male
258,Karan Joshi,Ahmedabad,2024-05-28,25-34,Female
259,Simran Malhotra,Ahmedabad,2024-06-06,35-44,Male
260,Aadhya Gupta,Mumbai,2024-01-21,35-44,Female
261,Simran Reddy,Ahmedabad,2024-04-15,45-54,Female
262,Anika Gupta,Hyderabad,2023-04-29,18-24,Male
263,Arjun Rao,Delhi,2024-01-31,25-34,Male
264,Neha Verma,Delhi,2024-06-15,18-24,Male
265,Ishaan Patel,Chennai,2023-09-18,55+,Male
266,Tara Verma,Jaipur,2023-09-13,45-54,Male
267,Rahul Malhotra,Mumbai,2023-08-14,25-34,Female
268,Arjun Khan,Chennai,2023-02-22,45-54,Female
269,Meera Sharma,Jaipur,2024-05-14,25-34,Male
270,Kabir Sharma,Ahmedabad,2024-05-20,35-44,Male
271,Anika Joshi,Chennai,2023-12-30,18-24,Female
272,Kiara Sharma,Bangalore,2023-10-07,35-44,Female
273,Ananya Nair,Ahmedabad,2023-06-07,18-24,Male
274,Priya Rao,Jaipur,2023-02-28,45-54,Female
275,Neha Reddy,Mumbai,2023-05-08,35-44,Male
276,Rahul Das,Jaipur,2023-04-25,35-44,Male
277,Pari Malhotra,Chennai,2023-07-28,18-24,Male
278,Aarav Verma,Chennai,2024-06-09,25-34,Male
279,Krishna Gupta,Pune,2024-06-04,25-34,Male
280,Aarav Nair,Mumbai,2023-08-25,25-34,Female
281,Myra Khan,Lucknow,2023-10-08,18-24,Female
282,Sai Chopra,Ahmedabad,2023-12-25,55+,Female
283,Pari Nair,Delhi,2023-07-20,25-34,Male
284,Arjun Reddy,Mumbai,2023-10-05,25-34,Male
285,Aditya Nair,Delhi,2023-08-23,25-34,Female
286,Zara Nair,Mumbai,2024-05-08,25-34,Male
287,Rohan Nair,Mumbai,2023-01-04,35-44,Male
288,Ishaan Mehta,Jaipur,2024-03-17,25-34,Male
289,Navya Sharma,Mumbai,2023-01-29,45-54,Female
290,Rohan Kapoor,Pune,2023-04-19,25-34,Male
291,Krishna Kapoor,Lucknow,2023-03-16,55+,Male
292,Aarav Gupta,Chennai,2023-05-26,45-54,Female
293,Saanvi Malhotra,Kolkata,2023-05-08,18-24,Male
294,Vihaan Kapoor,Delhi,2023-02-11,55+,Male
295,Aarav Sharma,Chennai,2023-12-22,18-24,Male
296,Ayaan Joshi,Kolkata,2023-02-10,45-54,Male
297,Vivaan Chopra,Lucknow,2023-02-03,25-34,Female
298,Ayaan Khan,Lucknow,2023-01-17,45-54,Male
299,Priya Mehta,Delhi,2023-06-02,45-54,Male
300,Vivaan Reddy,Delhi,2024-01-13,45-54,Female
301,Kabir Gupta,Lucknow,2023-12-08,35-44,Female
302,Rahul Verma,Kolkata,2023-01-27,25-34,Female
303,Diya Sharma,Mumbai,2023-10-14,18-24,Male
304,Kabir Chopra,Ahmedabad,2023-06-17,25-34,Male
305,Arjun Kapoor,Bangalore,2023-09-25,18-24,Female
306,Tara Das,Chennai,2024-03-30,35-44,Female
307,Neha Sharma,Jaipur,2024-02-05,25-34,Male
308,Myra Rao,Chennai,2024-04-20,55+,Male
309,Kiara Khan,Jaipur,2023-05-10,35-44,Male
310,Kiara Nair,Kolkata,2023-12-29,45-54,Female
311,Rohan Kapoor,Jaipur,2023-10-19,18-24,Male
312,Vivaan Das,Delhi,2024-01-06,45-54,Male
313,Navya Khan,Ahmedabad,2023-01-29,45-54,Male
314,Sai Joshi,Ahmedabad,2023-05-29,25-34,Female
315,Karan Verma,Delhi,2023-10-23,35-44,Female
316,Sai Verma,Pune,2023-01-11,35-44,Male
317,Vivaan Verma,Kolkata,2024-05-26,18-24,Female
318,Tara Rao,Pune,2023-04-23,25-34,Female
319,Rahul Gupta,Pune,2023-07-06,25-34,Male
320,Vivaan Iyer,Chennai,2023-08-15,18-24,Male
321,Neha Reddy,Lucknow,2023-11-06,25-34,Male
322,Aarav Patel,Chennai,2023-04-08,18-24,Female
323,Kiara Chopra,Lucknow,2023-02-24,18-24,Female
324,Tara Khan,Bangalore,2024-02-10,18-24,Female
325,Ishaan Gupta,Jaipur,2023-03-10,55+,Female
326,Pari Nair,Lucknow,2023-11-08,25-34,Male
327,Simran Iyer,Delhi,2023-10-16,55+,Female
328,Ishaan Patel,Chennai,2023-05-28,25-34,Male
329,Pari Mehta,Kolkata,2024-04-11,25-34,Male
330,Pari Chopra,Jaipur,2023-09-01,25-34,Female
331,Riya Patel,Bangalore,2024-05-05,25-34,Female
332,Arjun Verma,Lucknow,2024-05-21,18-24,Male
333,Sai Nair,Bangalore,2023-12-31,35-44,Female
334,Vivaan Malhotra,Kolkata,2024-04-26,18-24,Female
335,Tara Das,Pune,2023-07-20,35-44,Male
336,Ananya Joshi,Ahmedabad,2023-06-03,35-44,Female
337,Ananya Gupta,Kolkata,2024-03-25,18-24,Male
338,Kiara Singh,Hyderabad,2024-05-15,18-24,Male
339,Zara Khan,Kolkata,2023-03-14,35-44,Male
340,Myra Rao,Bangalore,2023-10-23,25-34,Female
341,Ananya Reddy,Delhi,2023-01-17,18-24,Female
342,Myra Patel,Chennai,2023-08-05,55+,Male
343,Vihaan Patel,Delhi,2023-03-02,18-24,Male
344,Vihaan Patel,Bangalore,2023-02-11,35-44,Female
345,Neha Gupta,Chennai,2023-01-25,55+,Male
346,Aditya Das,Hyderabad,2023-02-08,18-24,Female
347,Simran Joshi,Ahmedabad,2023-05-11,18-24,Female
348,Anika Malhotra,Jaipur,2024-05-12,18-24,Male
349,Priya Gupta,Bangalore,2023-08-17,25-34,Female
350,Navya Nair,Lucknow,2023-04-18,18-24,Male
351,Arjun Verma,Bangalore,2023-06-21,35-44,Female
352,Karan Mehta,Bangalore,2024-03-10,18-24,Female
353,Simran Reddy,Chennai,2024-04-22,25-34,Female
354,Rohan Reddy,Mumbai,2023-04-12,55+,Male
355,Aarav Nair,Kolkata,2024-06-07,45-54,Female
356,Krishna Chopra,Mumbai,2023-10-02,35-44,Male
357,Priya Kapoor,Hyderabad,2023-02-13,25-34,Male
358,Vivaan Sharma,Lucknow,2023-01-17,35-44,Male
359,Aadhya Mehta,Ahmedabad,2023-11-26,25-34,Female
360,Saanvi Das,Pune,2024-05-11,25-34,Male
361,Krishna Mehta,Hyderabad,2023-01-12,18-24,Female
362,Neha Rao,Pune,2023-11-14,45-54,Female
363,Neha Reddy,Pune,2023-08-04,25-34,Male
364,Kiara Patel,Ahmedabad,2023-12-05,18-24,Female
365,Tara Das,Delhi,2023-03-22,25-34,Male
366,Myra Malhotra,Mumbai,2024-04-29,25-34,Female
367,Pari Mehta,Bangalore,2024-01-09,45-54,Female
368,Vihaan Sharma,Jaipur,2023-07-19,35-44,Male
369,Ayaan Sharma,Pune,2024-06-20,35-44,Female
370,Aditya Malhotra,Lucknow,2024-04-10,18-24,Male
371,Riya Rao,Hyderabad,2023-03-30,25-34,Male
372,Kiara Rao,Delhi,2023-09-25,25-34,Female
373,Meera Reddy,Pune,2024-05-03,18-24,Male
374,Aadhya Mehta,Delhi,2024-06-21,25-34,Male
375,Karan Khan,Delhi,2023-02-16,35-44,Male
376,Aadhya Patel,Pune,2023-10-15,18-24,Female
377,Vivaan Malhotra,Chennai,2023-01-16,25-34,Male
378,Priya Kapoor,Kolkata,2024-02-05,18-24,Male
379,Rahul Patel,Lucknow,2023-03-27,18-24,Female
380,Navya Khan,Bangalore,2023-09-07,18-24,Female
381,Aditya Rao,Bangalore,2024-01-26,55+,Male
382,Zara Kapoor,Lucknow,2023-12-01,45-54,Male
383,Ananya Rao,Chennai,2024-06-02,55+,Male
384,Karan Malhotra,Bangalore,2023-05-17,25-34,Male
385,Anika Mehta,Delhi,2024-05-12,18-24,Male
386,Sai Gupta,Ahmedabad,2024-04-21,25-34,Female
387,Navya Rao,Hyderabad,2023-08-11,25-34,Female
388,Neha Khan,Mumbai,2024-01-07,45-54,Female
389,Arjun Chopra,Bangalore,2024-02-06,18-24,Male
390,Ishaan Khan,Lucknow,2024-03-18,25-34,Female
391,Neha Sharma,Ahmedabad,2024-05-04,18-24,Male
392,Reyansh Reddy,Pune,2023-09-30,25-34,Female
393,Priya Kapoor,Kolkata,2024-06-09,35-44,Female
394,Diya Singh,Lucknow,2023-06-08,25-34,Male
395,Pari Malhotra,Delhi,2023-06-01,25-34,Female
396,Riya Singh,Kolkata,2023-07-07,25-34,Male
397,Vihaan Mehta,Hyderabad,2023-04-08,25-34,Female
398,Aditya Singh,Hyderabad,2023-05-11,35-44,Male
399,Saanvi Verma,Chennai,2023-06-20,45-54,Male
400,Kiara Iyer,Jaipur,2023-07-02,55+,Female
